AVGO	{"DailyBar":{"ClosePrice":427.41,"HighPrice":432.615,"LowPrice":422.975,"TradeCount":3042,"OpenPrice":432.615,"Timestamp":"2026-05-15T04:00:00Z","Volume":102905,"VWAP":426.628468},"LatestQuote":{"AskPrice":429.13,"AskSize":120,"AskExchange":"V","BidPrice":424.87,"BidSize":80,"BidExchange":"V","Conditions":["R"],"Timestamp":"2026-05-15T14:35:11.457670593Z","Tape":"C"},"LatestTrade":{"Conditions":["@"],"ID":3037,"Price":427.41,"Size":100,"Timestamp":"2026-05-15T14:34:48.804138882Z","Exchange":"V","Tape":"C"},"MinuteBar":{"ClosePrice":427.41,"HighPrice":427.41,"LowPrice":427.12,"TradeCount":21,"OpenPrice":427.12,"Timestamp":"2026-05-15T14:34:00Z","Volume":408,"VWAP":427.280833},"PrevDailyBar":{"ClosePrice":439.34,"HighPrice":442.3,"LowPrice":416.22,"TradeCount":15956,"OpenPrice":416.63,"Timestamp":"2026-05-14T04:00:00Z","Volume":575796,"VWAP":435.358743},"symbol":"AVGO","CurrentPrice":427.41,"PriceSource":"LatestTrade","FetchedAt":"2026-05-15T14:35:13.061Z"}
EIS	{"DailyBar":{"ClosePrice":130.015,"HighPrice":130.05,"LowPrice":129.52,"TradeCount":7,"OpenPrice":129.765,"Timestamp":"2026-05-15T04:00:00Z","Volume":623,"VWAP":129.776667},"LatestQuote":{"AskPrice":131.08,"AskSize":600,"AskExchange":"V","BidPrice":128.74,"BidSize":200,"BidExchange":"V","Conditions":["R"],"Timestamp":"2026-05-15T14:33:09.744497823Z","Tape":"B"},"LatestTrade":{"Conditions":[" "],"ID":52983579557204,"Price":130.015,"Size":100,"Timestamp":"2026-05-15T14:15:50.918442901Z","Exchange":"V","Tape":"B"},"MinuteBar":{"ClosePrice":130.015,"HighPrice":130.05,"LowPrice":130.015,"TradeCount":3,"OpenPrice":130.05,"Timestamp":"2026-05-15T14:15:00Z","Volume":223,"VWAP":130.0325},"PrevDailyBar":{"ClosePrice":133.65,"HighPrice":133.74,"LowPrice":133.6,"TradeCount":107,"OpenPrice":133.74,"Timestamp":"2026-05-14T04:00:00Z","Volume":1081,"VWAP":133.662308},"symbol":"EIS","CurrentPrice":130.015,"PriceSource":"LatestTrade","FetchedAt":"2026-05-15T14:35:13.354Z"}
GLD	{"DailyBar":{"ClosePrice":418.405,"HighPrice":418.84,"LowPrice":414.18,"TradeCount":1057,"OpenPrice":417.69,"Timestamp":"2026-05-15T04:00:00Z","Volume":70157,"VWAP":416.935217},"LatestQuote":{"AskPrice":418.58,"AskSize":80,"AskExchange":"V","BidPrice":418.43,"BidSize":40,"BidExchange":"V","Conditions":["R"],"Timestamp":"2026-05-15T14:35:13.248339594Z","Tape":"B"},"LatestTrade":{"Conditions":[" "],"ID":52983609908314,"Price":418.39,"Size":80,"Timestamp":"2026-05-15T14:35:06.83307878Z","Exchange":"V","Tape":"B"},"MinuteBar":{"ClosePrice":418.405,"HighPrice":418.42,"LowPrice":418.29,"TradeCount":11,"OpenPrice":418.325,"Timestamp":"2026-05-15T14:34:00Z","Volume":605,"VWAP":418.366603},"PrevDailyBar":{"ClosePrice":427.19,"HighPrice":431.515,"LowPrice":427.14,"TradeCount":2214,"OpenPrice":430.32,"Timestamp":"2026-05-14T04:00:00Z","Volume":116595,"VWAP":429.027024},"symbol":"GLD","CurrentPrice":418.39,"PriceSource":"LatestTrade","FetchedAt":"2026-05-15T14:35:13.667Z"}
GOOG	{"DailyBar":{"ClosePrice":395.13,"HighPrice":395.76,"LowPrice":389.87,"TradeCount":2248,"OpenPrice":393.115,"Timestamp":"2026-05-15T04:00:00Z","Volume":92914,"VWAP":393.196162},"LatestQuote":{"AskPrice":395.64,"AskSize":160,"AskExchange":"V","BidPrice":375.17,"BidSize":160,"BidExchange":"V","Conditions":["R"],"Timestamp":"2026-05-15T14:35:13.931013258Z","Tape":"C"},"LatestTrade":{"Conditions":["@"],"ID":2259,"Price":394.87,"Size":40,"Timestamp":"2026-05-15T14:35:13.825674651Z","Exchange":"V","Tape":"C"},"MinuteBar":{"ClosePrice":395.13,"HighPrice":395.13,"LowPrice":394.61,"TradeCount":26,"OpenPrice":394.71,"Timestamp":"2026-05-15T14:34:00Z","Volume":909,"VWAP":394.791174},"PrevDailyBar":{"ClosePrice":397.23,"HighPrice":399.1,"LowPrice":392.83,"TradeCount":9040,"OpenPrice":393.785,"Timestamp":"2026-05-14T04:00:00Z","Volume":342556,"VWAP":396.112394},"symbol":"GOOG","CurrentPrice":394.87,"PriceSource":"LatestTrade","FetchedAt":"2026-05-15T14:35:13.970Z"}
HOOD	{"DailyBar":{"ClosePrice":77.65,"HighPrice":78.54,"LowPrice":76.64,"TradeCount":1919,"OpenPrice":78.54,"Timestamp":"2026-05-15T04:00:00Z","Volume":145425,"VWAP":77.303604},"LatestQuote":{"AskPrice":80.7,"AskSize":100,"AskExchange":"V","BidPrice":77.77,"BidSize":200,"BidExchange":"V","Conditions":["R"],"Timestamp":"2026-05-15T14:35:13.352316053Z","Tape":"C"},"LatestTrade":{"Conditions":["@"],"ID":1923,"Price":77.79,"Size":100,"Timestamp":"2026-05-15T14:35:12.515724025Z","Exchange":"V","Tape":"C"},"MinuteBar":{"ClosePrice":77.65,"HighPrice":77.65,"LowPrice":77.65,"TradeCount":7,"OpenPrice":77.65,"Timestamp":"2026-05-15T14:34:00Z","Volume":292,"VWAP":77.65},"PrevDailyBar":{"ClosePrice":80.695,"HighPrice":81.91,"LowPrice":75.13,"TradeCount":11198,"OpenPrice":76.035,"Timestamp":"2026-05-14T04:00:00Z","Volume":908753,"VWAP":79.937248},"symbol":"HOOD","CurrentPrice":77.79,"PriceSource":"LatestTrade","FetchedAt":"2026-05-15T14:35:14.282Z"}
META	{"DailyBar":{"ClosePrice":612.93,"HighPrice":614.09,"LowPrice":609.49,"TradeCount":1770,"OpenPrice":613.54,"Timestamp":"2026-05-15T04:00:00Z","Volume":64254,"VWAP":611.746887},"LatestQuote":{"AskPrice":613.26,"AskSize":40,"AskExchange":"V","BidPrice":605,"BidSize":40,"BidExchange":"V","Conditions":["R"],"Timestamp":"2026-05-15T14:35:12.211797168Z","Tape":"C"},"LatestTrade":{"Conditions":["@"],"ID":1765,"Price":612.93,"Size":40,"Timestamp":"2026-05-15T14:34:35.204078551Z","Exchange":"V","Tape":"C"},"MinuteBar":{"ClosePrice":612.93,"HighPrice":613.19,"LowPrice":612.93,"TradeCount":12,"OpenPrice":613.19,"Timestamp":"2026-05-15T14:34:00Z","Volume":276,"VWAP":613.017473},"PrevDailyBar":{"ClosePrice":618.51,"HighPrice":623.71,"LowPrice":615.34,"TradeCount":9414,"OpenPrice":615.73,"Timestamp":"2026-05-14T04:00:00Z","Volume":294465,"VWAP":619.094967},"symbol":"META","CurrentPrice":612.93,"PriceSource":"LatestTrade","FetchedAt":"2026-05-15T14:35:14.559Z"}
NVDA	{"DailyBar":{"ClosePrice":227.49,"HighPrice":230,"LowPrice":224.3,"TradeCount":12812,"OpenPrice":229.76,"Timestamp":"2026-05-15T04:00:00Z","Volume":1016171,"VWAP":226.893524},"LatestQuote":{"AskPrice":229.49,"AskSize":100,"AskExchange":"V","BidPrice":227.57,"BidSize":200,"BidExchange":"V","Conditions":["R"],"Timestamp":"2026-05-15T14:35:14.745851429Z","Tape":"C"},"LatestTrade":{"Conditions":["@"],"ID":12859,"Price":227.55,"Size":200,"Timestamp":"2026-05-15T14:35:11.425084473Z","Exchange":"V","Tape":"C"},"MinuteBar":{"ClosePrice":227.49,"HighPrice":227.49,"LowPrice":226.97,"TradeCount":129,"OpenPrice":227,"Timestamp":"2026-05-15T14:34:00Z","Volume":8115,"VWAP":227.203013},"PrevDailyBar":{"ClosePrice":235.78,"HighPrice":236.54,"LowPrice":229.41,"TradeCount":47042,"OpenPrice":229.73,"Timestamp":"2026-05-14T04:00:00Z","Volume":4515441,"VWAP":234.316669},"symbol":"NVDA","CurrentPrice":227.55,"PriceSource":"LatestTrade","FetchedAt":"2026-05-15T14:35:14.879Z"}
QQQ	{"DailyBar":{"ClosePrice":711.65,"HighPrice":712.64,"LowPrice":705.58,"TradeCount":3651,"OpenPrice":710.16,"Timestamp":"2026-05-15T04:00:00Z","Volume":195384,"VWAP":709.185578},"LatestQuote":{"AskPrice":711.65,"AskSize":120,"AskExchange":"V","BidPrice":711.38,"BidSize":40,"BidExchange":"V","Conditions":["R"],"Timestamp":"2026-05-15T14:35:15.177725457Z","Tape":"C"},"LatestTrade":{"Conditions":["@"],"ID":3659,"Price":711.59,"Size":40,"Timestamp":"2026-05-15T14:35:13.0316906Z","Exchange":"V","Tape":"C"},"MinuteBar":{"ClosePrice":711.65,"HighPrice":711.66,"LowPrice":710.89,"TradeCount":34,"OpenPrice":710.94,"Timestamp":"2026-05-15T14:34:00Z","Volume":1500,"VWAP":711.313199},"PrevDailyBar":{"ClosePrice":719.75,"HighPrice":722.01,"LowPrice":714.24,"TradeCount":12175,"OpenPrice":714.64,"Timestamp":"2026-05-14T04:00:00Z","Volume":709969,"VWAP":719.513848},"symbol":"QQQ","CurrentPrice":711.59,"PriceSource":"LatestTrade","FetchedAt":"2026-05-15T14:35:15.221Z"}
QTUM	{"DailyBar":{"ClosePrice":143.665,"HighPrice":144.06,"LowPrice":142.23,"TradeCount":68,"OpenPrice":143.33,"Timestamp":"2026-05-15T04:00:00Z","Volume":6539,"VWAP":142.868557},"LatestQuote":{"AskPrice":143.81,"AskSize":300,"AskExchange":"V","BidPrice":142.63,"BidSize":300,"BidExchange":"V","Conditions":["R"],"Timestamp":"2026-05-15T14:35:00.276096224Z","Tape":"C"},"LatestTrade":{"Conditions":["@"],"ID":66,"Price":143.665,"Size":100,"Timestamp":"2026-05-15T14:31:04.909521409Z","Exchange":"V","Tape":"C"},"MinuteBar":{"ClosePrice":143.665,"HighPrice":143.665,"LowPrice":143.665,"TradeCount":2,"OpenPrice":143.665,"Timestamp":"2026-05-15T14:31:00Z","Volume":110,"VWAP":143.665},"PrevDailyBar":{"ClosePrice":147.86,"HighPrice":148.28,"LowPrice":146.51,"TradeCount":310,"OpenPrice":146.595,"Timestamp":"2026-05-14T04:00:00Z","Volume":26872,"VWAP":147.781323},"symbol":"QTUM","CurrentPrice":143.665,"PriceSource":"LatestTrade","FetchedAt":"2026-05-15T14:35:15.495Z"}
RKLB	{"DailyBar":{"ClosePrice":126.15,"HighPrice":129.76,"LowPrice":123.72,"TradeCount":1789,"OpenPrice":128.685,"Timestamp":"2026-05-15T04:00:00Z","Volume":99545,"VWAP":126.847386},"LatestQuote":{"AskPrice":134.57,"AskSize":100,"AskExchange":"V","BidPrice":125,"BidSize":600,"BidExchange":"V","Conditions":["R"],"Timestamp":"2026-05-15T14:35:11.99969512Z","Tape":"C"},"LatestTrade":{"Conditions":["@"],"ID":1806,"Price":126.33,"Size":100,"Timestamp":"2026-05-15T14:35:11.703963982Z","Exchange":"V","Tape":"C"},"MinuteBar":{"ClosePrice":126.15,"HighPrice":126.16,"LowPrice":126.15,"TradeCount":18,"OpenPrice":126.16,"Timestamp":"2026-05-15T14:33:00Z","Volume":688,"VWAP":126.15232},"PrevDailyBar":{"ClosePrice":132.56,"HighPrice":133.11,"LowPrice":121.52,"TradeCount":10064,"OpenPrice":123.22,"Timestamp":"2026-05-14T04:00:00Z","Volume":434046,"VWAP":129.163455},"symbol":"RKLB","CurrentPrice":126.33,"PriceSource":"LatestTrade","FetchedAt":"2026-05-15T14:35:15.761Z"}
SHLD	{"DailyBar":{"ClosePrice":62.83,"HighPrice":63.27,"LowPrice":62.83,"TradeCount":59,"OpenPrice":63.21,"Timestamp":"2026-05-15T04:00:00Z","Volume":5252,"VWAP":63.05057},"LatestQuote":{"AskPrice":63.02,"AskSize":400,"AskExchange":"V","BidPrice":62.86,"BidSize":100,"BidExchange":"V","Conditions":["R"],"Timestamp":"2026-05-15T14:35:15.867503467Z","Tape":"B"},"LatestTrade":{"Conditions":[" "],"ID":52983609513273,"Price":62.83,"Size":200,"Timestamp":"2026-05-15T14:34:02.90070871Z","Exchange":"V","Tape":"B"},"MinuteBar":{"ClosePrice":62.83,"HighPrice":62.83,"LowPrice":62.83,"TradeCount":2,"OpenPrice":62.83,"Timestamp":"2026-05-15T14:34:00Z","Volume":201,"VWAP":62.83},"PrevDailyBar":{"ClosePrice":64.13,"HighPrice":64.39,"LowPrice":63.8,"TradeCount":546,"OpenPrice":63.9,"Timestamp":"2026-05-14T04:00:00Z","Volume":40573,"VWAP":64.116923},"symbol":"SHLD","CurrentPrice":62.83,"PriceSource":"LatestTrade","FetchedAt":"2026-05-15T14:35:16.050Z"}
SOXX	{"DailyBar":{"ClosePrice":513.82,"HighPrice":516.43,"LowPrice":506.33,"TradeCount":2801,"OpenPrice":511.09,"Timestamp":"2026-05-15T04:00:00Z","Volume":112277,"VWAP":510.144777},"LatestQuote":{"AskPrice":514.1,"AskSize":80,"AskExchange":"V","BidPrice":513.77,"BidSize":80,"BidExchange":"V","Conditions":["R"],"Timestamp":"2026-05-15T14:35:16.278377022Z","Tape":"C"},"LatestTrade":{"Conditions":["@","F"],"ID":2801,"Price":513.82,"Size":60,"Timestamp":"2026-05-15T14:34:58.718765173Z","Exchange":"V","Tape":"C"},"MinuteBar":{"ClosePrice":513.82,"HighPrice":513.84,"LowPrice":512.505,"TradeCount":58,"OpenPrice":512.7,"Timestamp":"2026-05-15T14:34:00Z","Volume":1508,"VWAP":512.918242},"PrevDailyBar":{"ClosePrice":529.94,"HighPrice":533,"LowPrice":522.37,"TradeCount":5388,"OpenPrice":526.495,"Timestamp":"2026-05-14T04:00:00Z","Volume":159032,"VWAP":529.997846},"symbol":"SOXX","CurrentPrice":513.82,"PriceSource":"LatestTrade","FetchedAt":"2026-05-15T14:35:16.332Z"}
VOO	{"DailyBar":{"ClosePrice":681.93,"HighPrice":682.78,"LowPrice":678.52,"TradeCount":679,"OpenPrice":682.06,"Timestamp":"2026-05-15T04:00:00Z","Volume":38362,"VWAP":680.655678},"LatestQuote":{"AskPrice":682.57,"AskSize":40,"AskExchange":"V","BidPrice":682.27,"BidSize":200,"BidExchange":"V","Conditions":["R"],"Timestamp":"2026-05-15T14:35:16.289325036Z","Tape":"B"},"LatestTrade":{"Conditions":[" "],"ID":52983609652570,"Price":681.93,"Size":49,"Timestamp":"2026-05-15T14:34:28.853978094Z","Exchange":"V","Tape":"B"},"MinuteBar":{"ClosePrice":681.93,"HighPrice":681.93,"LowPrice":681.9,"TradeCount":5,"OpenPrice":681.9,"Timestamp":"2026-05-15T14:34:00Z","Volume":105,"VWAP":681.916517},"PrevDailyBar":{"ClosePrice":687.76,"HighPrice":688.93,"LowPrice":683.69,"TradeCount":1411,"OpenPrice":683.74,"Timestamp":"2026-05-14T04:00:00Z","Volume":36677,"VWAP":686.840097},"symbol":"VOO","CurrentPrice":681.93,"PriceSource":"LatestTrade","FetchedAt":"2026-05-15T14:35:16.613Z"}
ARKX	{"DailyBar":{"ClosePrice":34.21,"HighPrice":34.4,"LowPrice":34.05,"TradeCount":148,"OpenPrice":34.245,"Timestamp":"2026-05-15T04:00:00Z","Volume":34963,"VWAP":34.267131},"LatestQuote":{"AskPrice":34.3,"AskSize":800,"AskExchange":"V","BidPrice":34.2,"BidSize":100,"BidExchange":"V","Conditions":["R"],"Timestamp":"2026-05-15T14:35:16.730386585Z","Tape":"B"},"LatestTrade":{"Conditions":[" "],"ID":52983595686228,"Price":34.21,"Size":750,"Timestamp":"2026-05-15T14:28:34.999326611Z","Exchange":"V","Tape":"B"},"MinuteBar":{"ClosePrice":34.21,"HighPrice":34.21,"LowPrice":34.21,"TradeCount":9,"OpenPrice":34.21,"Timestamp":"2026-05-15T14:28:00Z","Volume":4075,"VWAP":34.21},"PrevDailyBar":{"ClosePrice":35.17,"HighPrice":35.41,"LowPrice":34.49,"TradeCount":416,"OpenPrice":34.545,"Timestamp":"2026-05-14T04:00:00Z","Volume":108782,"VWAP":35.090842},"symbol":"ARKX","CurrentPrice":34.21,"PriceSource":"LatestTrade","FetchedAt":"2026-05-15T14:35:16.893Z"}
XLK	{"DailyBar":{"ClosePrice":176.92,"HighPrice":177.21,"LowPrice":174.77,"TradeCount":1259,"OpenPrice":176.17,"Timestamp":"2026-05-15T04:00:00Z","Volume":101625,"VWAP":175.882625},"LatestQuote":{"AskPrice":176.98,"AskSize":200,"AskExchange":"V","BidPrice":176.9,"BidSize":300,"BidExchange":"V","Conditions":["R"],"Timestamp":"2026-05-15T14:35:17.165178093Z","Tape":"B"},"LatestTrade":{"Conditions":[" "],"ID":52983609907275,"Price":176.88,"Size":100,"Timestamp":"2026-05-15T14:35:06.094284066Z","Exchange":"V","Tape":"B"},"MinuteBar":{"ClosePrice":176.92,"HighPrice":176.92,"LowPrice":176.685,"TradeCount":16,"OpenPrice":176.685,"Timestamp":"2026-05-15T14:34:00Z","Volume":1388,"VWAP":176.79385},"PrevDailyBar":{"ClosePrice":179.485,"HighPrice":180.18,"LowPrice":176.89,"TradeCount":10673,"OpenPrice":177.34,"Timestamp":"2026-05-14T04:00:00Z","Volume":561096,"VWAP":179.342539},"symbol":"XLK","CurrentPrice":176.88,"PriceSource":"LatestTrade","FetchedAt":"2026-05-15T14:35:17.197Z"}
SMH	{"DailyBar":{"ClosePrice":560.69,"HighPrice":563.515,"LowPrice":552.92,"TradeCount":2504,"OpenPrice":559.43,"Timestamp":"2026-05-15T04:00:00Z","Volume":146642,"VWAP":557.746809},"LatestQuote":{"AskPrice":561.26,"AskSize":40,"AskExchange":"V","BidPrice":560.73,"BidSize":40,"BidExchange":"V","Conditions":["R"],"Timestamp":"2026-05-15T14:35:17.384945157Z","Tape":"C"},"LatestTrade":{"Conditions":["@"],"ID":2505,"Price":560.85,"Size":120,"Timestamp":"2026-05-15T14:35:02.511087064Z","Exchange":"V","Tape":"C"},"MinuteBar":{"ClosePrice":560.69,"HighPrice":560.69,"LowPrice":559.655,"TradeCount":21,"OpenPrice":559.655,"Timestamp":"2026-05-15T14:34:00Z","Volume":992,"VWAP":560.188391},"PrevDailyBar":{"ClosePrice":578.33,"HighPrice":581.115,"LowPrice":567.99,"TradeCount":6862,"OpenPrice":570.56,"Timestamp":"2026-05-14T04:00:00Z","Volume":334541,"VWAP":578.000813},"symbol":"SMH","CurrentPrice":560.85,"PriceSource":"LatestTrade","FetchedAt":"2026-05-15T14:35:17.476Z"}
XLE	{"DailyBar":{"ClosePrice":58.92,"HighPrice":59.13,"LowPrice":58.495,"TradeCount":2646,"OpenPrice":58.69,"Timestamp":"2026-05-15T04:00:00Z","Volume":436662,"VWAP":58.779607},"LatestQuote":{"AskPrice":58.93,"AskSize":400,"AskExchange":"V","BidPrice":58.92,"BidSize":3700,"BidExchange":"V","Conditions":["R"],"Timestamp":"2026-05-15T14:35:17.435085141Z","Tape":"B"},"LatestTrade":{"Conditions":[" "],"ID":52983609964911,"Price":58.92,"Size":100,"Timestamp":"2026-05-15T14:35:12.641843793Z","Exchange":"V","Tape":"B"},"MinuteBar":{"ClosePrice":58.92,"HighPrice":58.93,"LowPrice":58.875,"TradeCount":30,"OpenPrice":58.88,"Timestamp":"2026-05-15T14:34:00Z","Volume":2502,"VWAP":58.909613},"PrevDailyBar":{"ClosePrice":58.085,"HighPrice":58.18,"LowPrice":57.515,"TradeCount":6292,"OpenPrice":57.6,"Timestamp":"2026-05-14T04:00:00Z","Volume":1236419,"VWAP":57.911046},"symbol":"XLE","CurrentPrice":58.92,"PriceSource":"LatestTrade","FetchedAt":"2026-05-15T14:35:17.752Z"}
XLF	{"DailyBar":{"ClosePrice":51.405,"HighPrice":51.49,"LowPrice":51.175,"TradeCount":2084,"OpenPrice":51.325,"Timestamp":"2026-05-15T04:00:00Z","Volume":626875,"VWAP":51.320097},"LatestQuote":{"AskPrice":51.41,"AskSize":4200,"AskExchange":"V","BidPrice":51.4,"BidSize":4100,"BidExchange":"V","Conditions":["R"],"Timestamp":"2026-05-15T14:35:18.030610557Z","Tape":"B"},"LatestTrade":{"Conditions":[" "],"ID":52983609903673,"Price":51.4,"Size":100,"Timestamp":"2026-05-15T14:35:04.270491614Z","Exchange":"V","Tape":"B"},"MinuteBar":{"ClosePrice":51.405,"HighPrice":51.41,"LowPrice":51.4,"TradeCount":9,"OpenPrice":51.4,"Timestamp":"2026-05-15T14:34:00Z","Volume":2671,"VWAP":51.407417},"PrevDailyBar":{"ClosePrice":51.285,"HighPrice":51.49,"LowPrice":51.1,"TradeCount":7807,"OpenPrice":51.25,"Timestamp":"2026-05-14T04:00:00Z","Volume":2105407,"VWAP":51.300337},"symbol":"XLF","CurrentPrice":51.4,"PriceSource":"LatestTrade","FetchedAt":"2026-05-15T14:35:18.058Z"}
SPY	{"DailyBar":{"ClosePrice":742.05,"HighPrice":742.66,"LowPrice":737.96,"TradeCount":5661,"OpenPrice":741.88,"Timestamp":"2026-05-15T04:00:00Z","Volume":322723,"VWAP":740.348171},"LatestQuote":{"AskPrice":742.39,"AskSize":40,"AskExchange":"V","BidPrice":742.07,"BidSize":120,"BidExchange":"V","Conditions":["R"],"Timestamp":"2026-05-15T14:35:18.260441419Z","Tape":"B"},"LatestTrade":{"Conditions":[" "],"ID":52983609971561,"Price":742.095,"Size":118,"Timestamp":"2026-05-15T14:35:17.059168904Z","Exchange":"V","Tape":"B"},"MinuteBar":{"ClosePrice":742.05,"HighPrice":742.05,"LowPrice":741.45,"TradeCount":63,"OpenPrice":741.45,"Timestamp":"2026-05-15T14:34:00Z","Volume":3682,"VWAP":741.75702},"PrevDailyBar":{"ClosePrice":748.1,"HighPrice":749.47,"LowPrice":743.6,"TradeCount":19288,"OpenPrice":743.655,"Timestamp":"2026-05-14T04:00:00Z","Volume":1020227,"VWAP":747.457591},"symbol":"SPY","CurrentPrice":742.095,"PriceSource":"LatestTrade","FetchedAt":"2026-05-15T14:35:18.336Z"}
